Date,Ticker,Action,Shares,Price,PricePerShare
2024-12-03,IWDA.AS,buy,10,1006.00,100.50
2024-12-16,SAP.DE,buy,4,961.00,240.00
2025-01-15,ALV.DE,buy,3,886.00,295.00
2025-02-03,ASML.AS,buy,1,701.00,700.00
2025-03-03,SIE.DE,buy,4,857.00,214.00
2025-03-18,IWDA.AS,buy,5,516.00,103.00
2025-04-01,IWDA.AS,bonus,0.15,15.00,100.00
2025-05-05,MC.PA,buy,2,1001.00,500.00
2025-06-02,AIR.PA,buy,6,961.00,160.00
2025-09-01,SAP.DE,sell,2,449.00,225.00
2025-10-01,IWDA.AS,buy,5,551.00,110.00
2026-01-05,AIR.PA,sell,6,1079.00,180.00
2026-03-02,ALV.DE,buy,1,351.00,350.00
2026-06-01,IWDA.AS,buy,5,576.00,115.00
2026-09-01,SIE.DE,buy,2,461.00,230.00
